numObj,rangeIdx,range,dopplerIdx,doppler,peakVal,x,y,z,Label
1,[10],[0.46875],[0],[0.],[5530],[0.1328125],[0.44921875],[0.],background
1,[10],[0.46875],[0],[0.],[5562],[0.1328125],[0.44921875],[0.],background
2,[10 10],[0.46875 0.46875],[0 0],[0. 0.],[4562 4291],[ 0.14648438 -0.08789062],[0.4453125 0.4609375],[0. 0.],background
2,[10 10],[0.46875 0.46875],[0 0],[0. 0.],[4639 4153],[ 0.14648438 -0.07421875],[0.4453125  0.46289062],[0. 0.],background
2,[10 10],[0.46875 0.46875],[0 0],[0. 0.],[4718 4014],[ 0.14648438 -0.07421875],[0.4453125  0.46289062],[0. 0.],background
2,[10 10],[0.46875 0.46875],[0 0],[0. 0.],[4576 4405],[ 0.14648438 -0.08789062],[0.4453125 0.4609375],[0. 0.],background
2,[10 10],[0.46875 0.46875],[0 0],[0. 0.],[4601 4425],[ 0.14648438 -0.08789062],[0.4453125 0.4609375],[0. 0.],background
1,[10],[0.46875],[0],[0.],[5489],[0.1328125],[0.44921875],[0.],background
2,[10 10],[0.46875 0.46875],[0 0],[0. 0.],[4582 4514],[ 0.1328125  -0.07421875],[0.44921875 0.46289062],[0. 0.],background
2,[10 10],[0.46875 0.46875],[0 0],[0. 0.],[4893 4164],[ 0.1328125  -0.16210938],[0.44921875 0.43945312],[0. 0.],background
2,[10 10],[0.46875 0.46875],[0 0],[0. 0.],[5570 4344],[ 0.1328125  -0.29296875],[0.44921875 0.36523438],[0. 0.],background
2,[10 10],[0.46875 0.46875],[0 0],[0. 0.],[5673 4415],[ 0.1328125  -0.30859375],[0.44921875 0.35351562],[0. 0.],background
2,[10 10],[0.46875 0.46875],[0 0],[0. 0.],[5844 4500],[ 0.1328125  -0.32226562],[0.44921875 0.33984375],[0. 0.],background
2,[10 10],[0.46875 0.46875],[0 0],[0. 0.],[5692 4200],[ 0.1328125  -0.30859375],[0.44921875 0.35351562],[0. 0.],background
2,[10 10],[0.46875 0.46875],[0 0],[0. 0.],[5509 4344],[ 0.1328125  -0.32226562],[0.44921875 0.33984375],[0. 0.],background
2,[10 10],[0.46875 0.46875],[0 0],[0. 0.],[5289 4129],[ 0.1328125  -0.32226562],[0.44921875 0.33984375],[0. 0.],background
2,[10 10],[0.46875 0.46875],[0 0],[0. 0.],[5255 3881],[ 0.1328125  -0.04492188],[0.44921875 0.46679688],[0. 0.],background
